﻿{
	"cluster": "MoonRepo",
	"sources": [
		{
			"id": "5043D32F-3F70-4274-B4EC-AF1BA6D4ADF1",
			"name": "MoonRepo",
			"url": "https://moon.razorwind.ru/api/data",
			"key": "jPEahWOQ9GYykPay41",
			"branch": "release"
		},
		{
			"id": "5043D32F-3F70-4274-B4EC-AF1BA6D4ADF1",
			"name": "NexusRepo",
			"url": "https://nexus.survivalhost.org/api/cross",
			"key": "EWLQqx9Up3khWA1r465",
			"branch": "release"
		}
	],
	"servers": [
		{
			"id": "5FA25FED-3EC4-4B10-9643-4E8E554DB85F",
			"name": "Shop.Daemon",
			"caption": "Демон SurvivalShop",
			"webPortSecure": 443,
			"applicationId": "1D022376-6EF5-4BB1-A0B6-516211EB413C",
			"applicationPath": "Shop.Daemon",
			"applicationSource": "NexusRepo",
			"dataPath": "Data"
		}
	]
}